Date,Name / Description,Expense/Income,Amount (EUR)
2023-12-26 21:08:31.135065,Electricity Bill,Income,95.95
2022-10-10 22:00:51.665777,Clothing Store,Expense,330.69
2022-12-27 16:08:39.071366,School Supplies,Income,99.5
2022-10-12 14:54:01.690577,Laundry Service,Expense,325.64
2023-01-29 14:39:41.467682,Retirement Contribution,Expense,16.55
2023-09-10 18:22:10.152202,Clothing Store,Income,442.97
2022-05-28 07:54:49.843191,Freelance Work,Income,436.17
2022-05-25 10:50:22.635221,Flight Ticket,Expense,470.61
2022-05-21 08:56:48.730293,Airport Parking,Income,89.28
2023-12-29 01:56:18.001120,Movie Theater,Expense,170.23
2023-09-02 02:06:35.170748,Streaming Service,Income,310.92
2022-06-24 01:28:11.110470,Computer Purchase,Income,64.0
2023-05-10 15:02:27.052048,Pet Grooming,Income,420.68
2022-03-31 14:09:46.304179,Hair Salon,Expense,294.98
2023-05-20 08:22:35.884113,Fishing License,Income,117.89
2023-03-20 23:34:08.240498,Hunting License,Income,446.92
2023-07-20 06:24:15.313501,Hotel Stay,Income,16.18
2023-07-15 07:37:13.757335,Car Loan Payment,Expense,221.05
2023-07-15 02:15:31.969790,Hunting License,Expense,405.02
2023-05-24 16:09:37.244829,Vacation Home Rental,Expense,40.4
2023-07-08 18:09:00.898487,Fitness Equipment,Income,270.27
2022-07-30 12:42:31.390350,Real Estate Agent Fee,Income,303.0
2022-04-03 17:21:28.613694,Electrician Service,Expense,231.35
2022-06-20 06:20:31.822298,Office Supplies,Expense,418.1
2022-08-13 13:23:34.868370,Phone Bill,Income,495.67
2022-01-10 04:04:23.108653,Bowling Alley,Expense,493.01
2022-05-25 10:46:56.394376,Overdraft Fee,Income,185.8
2023-07-21 11:13:55.465482,Vehicle Insurance,Income,276.12
2023-04-14 21:24:03.853592,Electrician Service,Income,31.74
2023-05-14 20:45:23.929092,Digital Download,Income,371.22
2022-05-09 14:19:01.567546,Pharmacy,Income,447.54
2023-10-21 18:03:12.351887,Car Registration,Income,446.19
2023-02-05 01:48:20.732312,Plumbing Service,Income,418.99
2023-04-07 15:10:53.129846,Hiking Gear,Income,121.17
2023-05-02 07:16:21.933257,Moving Service,Expense,323.97
2022-02-11 11:12:21.330924,Massage Therapy,Income,167.66
2023-04-12 23:09:14.183111,Outdoor Equipment,Expense,491.53
2022-04-22 07:49:24.341038,Bank Service Charge,Expense,438.56
2023-12-21 22:43:48.086555,Monthly Rent,Income,295.1
2022-05-23 01:46:15.826752,Landscaping,Expense,309.11
2022-11-24 14:25:33.454650,HVAC Maintenance,Expense,100.49
2022-03-06 04:01:07.694593,Optometry Visit,Income,270.02
2022-07-27 23:54:20.545075,Online Marketplace,Expense,440.8
2023-09-16 09:29:45.181522,Tuition Payment,Income,202.55
2023-12-09 05:44:50.126271,Hotel Stay,Income,62.24
2022-08-27 05:12:14.915867,Concert Tickets,Income,489.65
2022-10-02 12:39:22.899958,Personal Trainer,Income,16.02
2023-09-28 16:46:14.929482,Department Store,Expense,224.66
2022-11-20 10:09:22.743223,Septic Tank Service,Income,219.34
2022-08-30 09:07:10.531858,Credit Report Fee,Expense,353.42
2023-08-10 16:43:31.266879,Anniversary Gift,Income,332.51
2023-09-05 22:06:19.281980,Software Subscription,Expense,397.57
2022-08-11 02:45:20.877005,Trash Collection,Income,389.0
2022-05-09 08:39:02.216573,Membership Fee,Expense,463.54
2023-06-30 07:11:55.093211,Bank Service Charge,Income,469.22
2022-12-09 11:50:35.070589,Vacation Package,Expense,310.25
2023-12-13 05:54:02.458606,Funeral Expenses,Income,269.48
2022-11-02 11:59:00.717531,Vet Bill,Expense,156.07
2022-03-02 22:58:32.350252,Moving Service,Expense,211.01
2023-08-06 01:05:32.564037,Hardware Store,Expense,63.64
2022-01-21 02:29:12.215195,Bowling Alley,Expense,69.69
2023-01-08 04:32:42.686080,Gas Station,Income,32.77
2023-07-25 13:10:42.998655,Golf Course,Income,443.59
2022-07-27 02:54:04.967170,Wire Transfer Fee,Expense,441.33
2022-10-26 01:09:12.492846,Therapist Session,Expense,397.11
2022-10-24 19:21:23.122753,Used Car Purchase,Income,138.47
2023-04-10 02:52:00.333418,Subscription Renewal,Expense,166.08
2023-01-12 18:14:49.313131,Legal Fees,Income,185.81
2022-06-04 14:18:25.866066,Firewood,Income,340.53
2022-09-21 08:26:16.844125,Tuition Payment,Income,257.77
2022-01-19 00:15:05.209728,Computer Purchase,Income,117.53
2022-11-28 04:22:18.327657,Ski Resort,Income,326.87
2023-01-18 20:47:16.746973,Spa Package,Expense,301.8
2023-09-18 20:21:02.465756,Vacation Home Rental,Income,321.73
2022-03-25 02:00:24.324333,Dental Care,Income,396.25
2023-10-18 02:35:59.698848,Funeral Expenses,Expense,175.96
2022-04-08 05:27:24.713966,Fitness Equipment,Expense,213.58
2022-11-01 13:20:10.846924,Sewer Bill,Income,461.57
2023-10-24 04:36:12.679559,Trust Fund Contribution,Income,12.03
2022-11-15 13:05:29.677407,Home Renovation,Income,108.29
2023-03-13 03:43:22.630768,Amazon Purchase,Income,98.63
2023-01-03 02:36:27.850834,Home Appliance,Income,37.94
2023-06-14 18:30:42.493498,Side Gig Income,Income,84.42
2023-06-22 03:22:44.660303,Hunting License,Expense,17.23
2023-02-09 06:25:59.212939,Software Subscription,Expense,369.64
2022-06-02 04:22:26.311151,Window Cleaning,Expense,81.39
2022-05-27 04:55:09.272596,Internet Bill,Income,155.57
2023-10-25 19:53:00.965425,Toll Road Fee,Income,392.55
2023-07-15 08:03:33.139202,Festival Tickets,Income,75.81
2023-06-05 09:08:01.639656,Digital Download,Expense,377.34
2022-01-17 07:48:53.078291,Life Insurance,Income,106.84
2022-01-17 01:33:09.640034,Home Renovation,Expense,245.81
2023-03-31 12:14:40.358284,Online Course,Expense,240.39
2022-02-16 04:13:38.544462,Restaurant Takeout,Expense,357.21
2022-12-11 07:27:53.709341,Funeral Expenses,Expense,45.62
2022-12-09 23:45:11.385148,Overdraft Fee,Expense,168.02
2022-08-11 02:04:37.370006,School Supplies,Expense,10.1
2022-03-28 22:33:21.125420,Therapist Session,Expense,266.32
2022-08-22 18:51:49.946430,Luxury Car Lease,Expense,462.71
2023-11-20 19:31:34.216107,Student Loan Payment,Income,153.86
2023-04-20 03:58:10.317932,Amazon Purchase,Expense,207.29
2022-12-26 15:25:03.281603,Investment Brokerage Fee,Income,189.22
2023-07-12 11:00:19.359045,Travel Insurance,Expense,250.31
2023-05-13 07:29:15.432755,New Car Purchase,Income,405.9
2023-03-28 04:38:26.750710,Software Subscription,Income,387.54
2023-01-22 17:57:56.376422,Debt Collection,Expense,312.41
2023-03-13 21:50:47.848849,Dental Care,Income,138.41
2023-01-26 20:38:40.571425,Childcare Services,Expense,110.35
2022-07-04 19:52:50.334513,Legal Fees,Expense,392.83
2022-02-15 21:05:59.100630,Window Cleaning,Income,438.17
2023-12-09 07:51:44.778530,Consulting Income,Expense,259.13
2023-10-22 13:10:47.389856,Home Insurance,Income,20.45
2022-09-19 06:39:56.903277,Yoga Class,Expense,450.81
2023-03-11 12:56:12.607551,Prescription Meds,Expense,370.29
2022-03-07 08:28:51.866306,Amazon Purchase,Income,450.27
2022-09-23 04:56:51.934321,Gym Membership,Expense,393.7
2022-02-21 02:27:50.759853,Tree Trimming,Income,168.55
2023-03-17 19:34:56.939014,Consulting Income,Income,425.0
2022-05-31 00:45:51.283288,Luxury Hotel Stay,Income,489.71
2023-12-03 08:09:52.761133,Cell Phone Purchase,Income,450.22
2022-03-28 13:55:51.485331,Textbooks,Expense,499.05
2022-12-12 16:34:38.308014,Trash Collection,Expense,147.07
2022-05-08 17:36:50.590982,Trust Fund Contribution,Expense,67.94
2023-06-06 01:07:44.673317,Gym Membership,Expense,17.84
2022-04-28 15:55:38.923345,Snow Removal,Expense,170.48
2023-02-02 17:30:43.217827,Hiking Gear,Expense,429.44
2023-07-09 18:16:06.828660,Course Fees,Income,10.19
2023-04-05 08:23:26.769104,Department Store,Expense,461.65
2023-08-26 06:02:27.799624,Roof Repair,Income,20.86
2023-07-03 08:25:01.474051,Real Estate Agent Fee,Income,161.87
2023-03-20 07:59:53.215398,Restaurant Dining,Expense,268.79
2023-12-01 22:08:02.366255,Charity Event,Expense,339.41
2022-03-12 03:13:19.890334,Department Store,Income,388.83
2023-01-17 07:09:20.447882,Streaming Rental,Income,420.3
2022-04-05 06:35:10.287221,Spa Package,Expense,189.46
2022-03-12 22:42:11.299627,Snow Removal,Expense,35.89
2023-06-06 20:16:42.955887,Subscription Box,Income,448.25
2022-05-25 10:06:24.483494,Snowmobile Rental,Income,143.61
2022-11-02 23:27:13.224468,Festival Tickets,Income,286.45
2022-06-03 15:03:39.608212,Wedding Gift,Expense,499.07
2023-08-15 00:30:26.805665,Holiday Shopping,Income,332.84
2022-12-29 13:09:12.000935,Boat Rental,Income,28.02
2022-10-17 05:46:33.112001,Foreign Transaction Fee,Income,454.63
2023-06-28 12:13:31.697902,Client Meeting Expense,Expense,286.59
2022-04-09 23:09:00.588719,Job Board Fee,Income,476.4
2022-10-10 08:15:54.573200,Business Expense,Expense,473.04
2023-07-21 14:32:29.199731,Uber Ride,Expense,68.47
2022-06-02 22:04:19.090890,Wire Transfer Fee,Expense,250.83
2022-06-13 23:27:48.458539,Snowmobile Rental,Expense,151.79
2023-06-14 15:30:16.393213,Hotel Stay,Income,275.48
2023-10-25 14:31:10.063432,Spa Package,Expense,132.55
2022-06-23 22:06:47.898514,Consulting Income,Income,440.95
2023-05-01 09:48:18.471674,Savings Deposit,Income,294.8
2023-12-13 21:01:56.887925,Vacation Home Rental,Expense,18.83
2023-01-02 04:19:21.006063,Client Meeting Expense,Income,230.42
2022-04-26 09:52:15.581816,Vehicle Insurance,Income,170.23
2023-07-28 04:22:26.959607,Parking Fee,Expense,227.98
2023-04-27 15:02:05.573019,Gas Station,Income,224.04
2022-09-08 21:22:37.848848,Gas Station,Income,426.9
2022-04-21 23:52:06.194587,Online Shopping,Expense,226.91
2023-07-29 01:39:33.300894,Loan Repayment,Income,425.94
2022-04-19 07:21:04.899986,Walmart Groceries,Income,59.45
2023-02-24 22:00:54.283821,School Supplies,Income,277.63
2022-05-06 06:33:12.588420,Walmart Groceries,Expense,8.65
2023-06-12 23:32:12.412899,Gym Membership,Expense,339.17
2023-12-15 23:58:01.072744,Car Wash,Expense,100.5
2022-07-23 11:20:52.301133,Business Supplies,Income,52.85
2023-01-12 19:45:31.156168,Spotify Subscription,Expense,232.2
2022-06-19 14:25:20.598644,Concert Tickets,Income,310.56
2023-07-17 12:55:44.037358,Resume Service,Expense,311.27
2023-03-31 14:19:17.175749,Legal Fees,Expense,75.08
2023-06-15 19:56:33.504203,Private Jet Rental,Income,476.59
2023-12-26 02:57:26.316643,Investment Income,Income,482.93
2022-03-02 00:42:57.452604,Hotel Stay,Expense,217.66
2022-04-26 09:54:09.591237,Credit Report Fee,Expense,206.66
2022-04-07 22:28:02.977032,Septic Tank Service,Income,127.0
2023-09-07 14:25:48.898924,Office Supplies,Income,267.32
2022-03-22 21:07:13.611597,Tattoo Parlor,Expense,60.84
2023-10-10 03:03:21.053236,Restaurant Dining,Income,459.61
2022-05-25 10:01:52.964134,Coffee Shop,Income,298.51
2023-05-28 08:57:06.827535,Accountant Fees,Income,93.08
2023-05-14 16:06:53.783919,Luxury Car Lease,Income,435.02
2022-06-25 12:33:45.081333,Background Check,Income,460.43
2022-05-23 17:14:04.233286,Hotel Stay,Income,44.09
2023-10-18 01:29:55.901780,Art Gallery Purchase,Expense,47.4
2022-11-09 02:52:50.652972,Phone Accessory,Income,210.41
2023-10-10 00:01:33.644707,Firewood,Income,150.04
2022-05-16 21:15:18.282527,Pest Control,Income,402.93
2023-06-27 19:26:53.126434,Parking Fee,Income,151.66
2023-03-07 08:17:11.722983,Museum Tickets,Income,348.89
2023-04-23 19:56:13.180761,Internet Bill,Income,125.7
2022-10-09 17:02:47.348363,Concert Tickets,Income,50.92
2022-06-09 02:38:45.420672,Streaming Service,Expense,137.0
2022-10-29 14:17:43.371922,Online Course,Income,106.88
2022-11-06 23:17:11.812530,Luxury Hotel Stay,Expense,104.6
2022-11-07 07:54:34.369911,Grocery Delivery,Income,441.11
2023-05-17 13:05:42.429954,Airport Parking,Expense,74.56
2023-09-01 23:53:50.676812,Septic Tank Service,Expense,69.06
2023-07-13 18:34:12.697310,Hiking Gear,Income,461.8
2023-11-25 21:24:07.589102,Job Training Fee,Expense,474.0
2022-12-07 11:23:50.699674,Retirement Contribution,Expense,52.49
2023-05-03 03:26:38.208324,Notary Service,Income,276.74
2022-11-15 18:00:27.960158,Hiking Gear,Expense,427.88
2022-04-03 10:51:57.905918,Donation to Charity,Income,298.52
2022-06-03 05:59:32.421601,Home Cleaning,Income,371.02
2023-04-12 04:15:16.829081,Concert Tickets,Income,341.58
2023-12-19 11:19:20.399897,Home Cleaning,Income,80.06
2023-03-24 16:51:29.508968,Credit Report Fee,Income,491.64
2022-11-29 14:40:51.353839,Car Repair,Expense,314.62
2022-05-17 09:35:11.647860,Life Insurance,Expense,228.02
2022-05-18 11:14:16.275373,Department Store,Expense,95.55
2022-02-20 14:11:44.986109,Wine Subscription,Expense,305.52
2022-05-12 17:27:27.638316,Anniversary Gift,Income,407.86
2022-05-22 01:27:03.474812,Hotel Stay,Expense,255.02
2023-03-23 12:19:17.967204,Plumbing Service,Expense,42.39
2023-02-24 08:06:54.212071,Camera Equipment,Expense,353.45
2023-02-18 16:26:31.357224,Restaurant Dining,Income,187.66
2023-12-12 02:36:31.852905,Optometry Visit,Expense,41.98
2023-04-01 21:24:54.461275,Concert Tickets,Expense,273.37
2023-01-14 01:48:39.075031,Luxury Purchase,Expense,76.91
2022-07-22 23:49:01.814464,Ski Resort,Income,444.41
2022-06-29 10:46:13.790611,Car Repair,Income,407.59
2023-01-11 05:49:46.072702,Car Loan Payment,Income,422.39
2023-04-20 18:33:29.443948,Investment Advisor Fee,Income,145.48
2023-11-22 22:31:02.242857,Used Car Purchase,Expense,206.25
2022-11-06 03:00:35.107948,Department Store,Expense,238.84
2023-03-05 08:16:48.781479,Photography Service,Income,436.35
2022-01-19 04:05:29.001212,Overdraft Fee,Income,78.8
2022-05-18 02:37:42.506520,Massage Therapy,Income,201.04
2022-07-03 15:56:41.715533,Tattoo Parlor,Expense,19.19
2023-11-20 04:45:12.810487,Computer Purchase,Expense,283.76
2022-04-14 09:33:06.899488,Snow Removal,Income,8.21
2022-05-15 22:57:38.260177,Phone Bill,Income,51.82
2022-10-10 09:54:46.141584,Tree Trimming,Income,98.14
2022-03-04 14:29:02.330080,Life Insurance,Income,335.26
2022-09-25 03:06:42.107186,Car Wash,Income,498.35
2022-07-16 10:51:04.966618,Luxury Hotel Stay,Income,95.82
2023-02-26 15:17:03.417688,Life Insurance,Income,374.07
2023-06-26 14:20:19.037015,Gas Station,Income,455.49
2023-02-19 06:53:23.341278,Income Tax Payment,Income,281.5
2023-01-08 09:02:33.642191,Window Cleaning,Income,65.17
2022-05-07 04:18:11.301398,Childcare Services,Income,113.87
2022-07-11 19:25:54.754431,Luxury Purchase,Income,469.75
2022-01-20 11:27:21.666215,Massage Therapy,Income,171.92
2023-08-23 09:55:02.951806,Online Marketplace,Income,164.21
2023-05-22 15:06:31.604795,Car Loan Payment,Income,350.39
2023-10-21 06:32:09.143462,Fitness Equipment,Income,390.37
2022-05-18 16:33:22.506532,Pet Supplies,Income,337.74
2023-03-01 22:28:20.067864,ATM Fee,Expense,117.34
2023-02-14 21:13:14.431143,Personal Loan Payment,Income,433.84
2023-05-20 01:09:20.245854,Digital Download,Income,54.35
2022-11-28 04:36:02.168019,Streaming Service,Expense,394.06
2023-05-28 14:02:52.923844,Office Supplies,Income,441.02
2022-10-12 11:45:35.202739,Sporting Event,Expense,267.07
2022-12-31 11:54:35.408728,Parking Fee,Expense,211.59
2023-07-14 14:03:30.122445,Department Store,Expense,419.3
2022-04-24 12:26:02.628775,Garden Center,Income,269.01
2022-03-04 01:49:11.790513,Car Registration,Income,113.55
2022-02-13 17:46:26.307283,Spa Package,Income,320.63
2022-04-24 15:14:58.834306,Credit Card Payment,Expense,209.77
2023-08-05 00:53:50.899018,Toll Road Fee,Income,456.76
2022-12-20 05:26:39.760257,Real Estate Agent Fee,Income,30.82
2022-11-14 18:05:21.696527,Restaurant Dining,Income,394.92
2023-09-27 07:27:38.284479,Storage Unit Rental,Income,98.86
2022-01-10 00:15:23.179718,Massage Therapy,Expense,474.38
2023-06-26 15:55:57.340951,Pest Control,Income,16.54
2022-11-11 21:08:47.345843,Loan Repayment,Expense,488.09
2022-09-28 15:46:47.241840,Investment Income,Income,138.51
2023-06-15 09:20:42.741015,Membership Fee,Income,49.44
2023-09-23 05:08:14.266832,Foreign Transaction Fee,Expense,243.94
2022-08-13 04:29:17.050706,Landscaping,Income,124.86
2022-05-07 09:05:05.394112,Anniversary Gift,Income,5.07
2022-02-19 13:03:18.162624,Overdraft Fee,Income,275.36
2023-12-03 11:24:14.469434,Massage Therapy,Expense,139.18
2022-01-20 03:12:51.520779,Photography Service,Income,457.61
2023-12-13 20:43:18.292084,Yacht Charter,Expense,384.51
2023-05-23 05:22:47.187288,Sporting Goods,Expense,114.89
2023-06-08 07:25:10.287094,Investment Brokerage Fee,Expense,277.49
2023-09-10 15:45:28.655173,Retirement Contribution,Expense,58.21
2023-12-07 03:30:14.287855,Spa Package,Expense,482.42
2022-06-18 22:41:46.980402,Course Fees,Income,203.92
2022-03-28 05:52:39.379509,Event Registration,Expense,412.3
2022-05-21 15:40:37.621031,Subscription Box,Income,182.87
2023-03-07 22:28:00.243666,Vehicle Insurance,Expense,99.14
2022-03-31 23:37:55.776744,Day Spa,Expense,107.27
2022-05-19 15:34:49.009941,Day Spa,Expense,399.67
2022-10-23 17:52:55.002906,Resume Service,Income,296.39
2022-07-18 19:22:06.646837,Water Bill,Income,29.97
2022-05-31 10:20:48.592460,Natural Gas Bill,Income,330.08
2022-11-26 19:22:36.199203,Home Cleaning,Expense,141.47
2023-10-01 22:21:56.574224,Career Counseling,Income,39.78
2023-07-21 23:40:34.702938,Snowmobile Rental,Income,143.19
2022-11-13 06:08:23.660873,Pet Grooming,Income,111.0
2022-07-16 14:34:31.850517,Pet Supplies,Expense,139.97
2022-01-09 04:08:27.501076,Home Appliance,Income,270.96
2023-04-17 19:43:41.472713,Laundry Service,Expense,108.87
2022-10-01 04:59:17.301603,Fitness Equipment,Income,344.03
2023-08-12 03:44:26.421060,Investment Brokerage Fee,Income,253.56
2022-08-11 17:51:34.994139,Pharmacy,Income,107.78
2022-02-09 19:51:55.342600,Credit Report Fee,Expense,241.01
2023-04-24 01:53:37.699698,Camera Equipment,Expense,420.57
2023-01-08 19:42:30.080380,Yacht Charter,Expense,285.3
2022-12-05 13:00:45.035558,Boat Rental,Expense,102.84
2022-06-17 07:26:12.503711,Business Expense,Income,394.78
2023-07-11 05:04:05.831998,Fishing License,Expense,27.42
2022-01-17 17:36:15.603883,Therapist Session,Income,266.78
2022-12-17 06:14:28.567366,Therapist Session,Expense,44.26
2022-02-03 06:19:00.658246,Roof Repair,Income,345.99
2022-08-07 23:56:59.237661,Spotify Subscription,Expense,382.07
2022-09-14 06:07:52.610564,Charity Event,Expense,253.27
2022-11-30 16:37:20.700727,Sewer Bill,Expense,328.09
2023-01-12 06:30:04.560610,Spa Package,Expense,371.64
2023-11-25 07:46:46.892958,Event Registration,Income,121.0
2022-12-29 18:15:54.600577,Anniversary Gift,Expense,314.22
2022-08-04 08:37:10.859567,Yacht Charter,Expense,354.08
2023-08-27 22:09:22.558680,Car Repair,Income,95.69
2022-06-01 00:14:01.988901,Home Improvement,Income,234.2
2023-05-03 19:27:29.624739,Travel Insurance,Income,277.22
2022-01-18 01:47:12.487392,Student Loan Payment,Income,100.92
2023-03-18 19:02:51.941029,Course Fees,Income,178.15
2022-02-13 07:07:18.802019,Credit Card Payment,Expense,327.77
2022-03-16 00:00:31.500655,Cell Phone Purchase,Income,192.72
2022-08-19 17:19:16.062080,Investment Income,Expense,341.86
2022-10-11 10:35:46.422743,Electrician Service,Expense,193.42
2023-11-13 23:30:34.843786,Event Registration,Income,310.76
2023-11-09 08:22:52.151252,Car Loan Payment,Expense,199.52
2023-05-14 09:30:33.902115,Insurance Payment,Expense,187.21
2022-02-23 05:27:55.151863,Movie Theater,Expense,405.49
2023-06-30 01:23:08.835303,Festival Tickets,Expense,301.15
2022-08-06 12:09:54.437535,Bowling Alley,Income,64.24
2023-10-21 18:42:32.809613,Uber Ride,Expense,332.94
2023-09-11 01:13:51.256778,Sporting Event,Expense,244.06
2022-08-21 19:02:40.485141,Laundry Service,Expense,463.59
2023-08-23 15:28:09.114576,Therapist Session,Expense,377.84
2023-05-21 15:31:09.758595,Real Estate Agent Fee,Expense,219.52
2023-04-05 04:06:42.170160,New Car Purchase,Income,30.14
2022-11-10 17:35:38.874689,Lottery Ticket,Income,158.43
2022-03-11 15:27:57.088243,Course Fees,Expense,109.06
2022-04-18 20:36:14.169117,Business Expense,Income,359.76
2023-12-15 22:42:23.939976,Donation to Charity,Income,258.26
2022-10-01 07:31:45.219600,Career Counseling,Income,225.24
2022-06-18 23:37:18.464635,Software License,Expense,118.02
2023-06-26 18:01:32.268502,Bank Service Charge,Income,179.05
2023-09-09 07:57:44.365036,Childcare Services,Expense,98.71
2022-07-01 07:45:14.115974,Phone Accessory,Expense,148.86
2023-08-03 22:46:33.487630,Medical Checkup,Expense,442.5
2022-12-05 01:57:22.324091,Gym Membership,Expense,48.6
2022-02-12 23:05:27.738330,Video Game,Expense,19.89
2022-05-03 19:15:36.807778,Software License,Expense,413.08
2022-03-20 00:55:40.223836,Birthday Gift,Income,279.42
2022-10-07 21:20:55.689099,Ski Resort,Expense,407.68
2023-05-08 03:35:22.733014,Septic Tank Service,Income,250.85
2023-11-07 07:23:58.686598,Textbooks,Expense,8.49
2022-08-07 12:10:09.871715,Life Insurance,Expense,264.02
2023-03-28 12:58:25.771868,Used Car Purchase,Income,185.85
2022-04-16 09:55:41.969423,Sewer Bill,Expense,121.02
2022-10-02 21:23:47.734634,Snowmobile Rental,Expense,44.27
2023-03-14 03:15:07.606641,Insurance Payment,Expense,384.26
2023-10-29 10:20:28.693532,Luxury Car Lease,Income,103.61
2023-06-27 19:29:42.678697,Movie Theater,Expense,139.15
2022-11-20 00:24:40.243015,Job Training Fee,Income,294.93
2023-11-06 05:19:21.693325,Trust Fund Contribution,Income,89.05
2022-08-16 15:10:05.624591,Lottery Ticket,Expense,458.55
2023-05-15 04:10:32.031245,Hardware Store,Expense,140.31
2022-10-16 20:36:53.319519,Career Counseling,Expense,463.58
2022-03-14 19:25:44.032537,Health Insurance,Income,462.82
2023-02-13 19:01:32.220637,Investment Account,Income,36.61
2022-05-06 05:20:54.615697,School Supplies,Expense,391.08
2022-07-07 06:03:03.290871,Tattoo Parlor,Expense,259.39
2022-01-04 21:08:55.508432,Furniture Purchase,Income,382.98
2023-07-13 13:05:18.655486,Fishing License,Income,60.71
2022-01-27 23:25:04.200066,Pet Supplies,Income,134.87
2022-09-16 13:10:26.785510,Private Jet Rental,Income,457.79
2023-12-03 18:28:25.751375,Bicycle Repair,Income,305.91
2022-03-27 20:01:03.955965,Birthday Gift,Expense,443.39
2022-01-29 16:57:48.751263,Landscaping,Income,364.38
2023-08-02 14:59:08.729271,Client Meeting Expense,Expense,346.38
2023-05-16 03:01:03.948854,Career Counseling,Expense,316.36
2023-03-14 06:28:54.947764,Grocery Delivery,Income,280.87
2022-04-07 17:13:28.428350,Real Estate Agent Fee,Expense,361.61
2023-06-23 18:33:46.907294,Investment Advisor Fee,Expense,71.22
2023-08-14 08:56:58.488780,Retirement Contribution,Expense,220.56
2023-10-30 21:35:53.332998,Medical Expense,Expense,362.17
2022-08-27 01:06:34.239982,Investment Brokerage Fee,Expense,175.75
2022-06-01 08:49:38.879353,Therapist Session,Expense,32.56
2022-10-27 09:56:25.977068,Gas Station,Expense,489.27
2023-10-21 16:32:00.174804,Overdraft Fee,Income,352.41
2023-05-09 13:54:03.741638,Cell Phone Purchase,Expense,185.43
2023-06-16 15:57:06.357854,Car Fuel,Income,430.84
2022-11-27 17:35:53.349928,Ski Resort,Income,177.29
2022-05-29 01:12:50.575941,Hotel Stay,Income,115.26
2023-10-29 22:36:08.828944,Tuition Payment,Expense,46.34
2022-08-05 05:08:17.920657,Wire Transfer Fee,Income,499.06
2022-06-15 06:10:21.788609,Bank Service Charge,Expense,259.92
2022-05-28 06:23:53.644732,Textbooks,Income,56.83
2023-03-21 06:38:57.810173,Streaming Rental,Expense,74.0
2023-06-01 10:19:13.732801,Resume Service,Expense,469.38
2023-12-21 18:39:50.315225,Amazon Purchase,Income,497.83
2023-03-23 04:25:24.995749,Car Repair,Expense,437.99
2023-10-04 05:11:49.823881,Property Tax,Income,277.25
2022-01-08 14:28:41.376351,Personal Loan Payment,Expense,172.35
2022-03-28 00:23:51.986774,Outdoor Equipment,Expense,163.07
2022-02-14 03:36:33.830580,Car Repair,Expense,443.05
2022-09-02 02:25:54.322175,Tuition Payment,Income,25.57
2022-01-22 07:15:51.459239,Business Supplies,Income,461.57
2023-12-14 18:53:52.668625,Membership Fee,Income,280.4
2023-01-31 22:31:34.072877,Coffee Shop,Income,240.04
2023-10-02 15:08:28.550219,Golf Course,Expense,253.64
2022-02-02 11:01:27.226908,Legal Fees,Expense,457.06
2023-02-06 02:58:35.016779,Real Estate Agent Fee,Income,279.69
2022-12-05 19:29:47.376689,Subscription Box,Income,397.95
2023-11-21 19:57:30.541501,Golf Course,Expense,64.32
2022-11-19 15:21:24.295834,Electricity Bill,Expense,190.95
2023-08-22 23:03:05.755605,Vacation Home Rental,Expense,145.44
2023-08-10 09:26:12.662713,Birthday Gift,Income,394.35
2023-03-31 20:59:15.316924,Funeral Expenses,Expense,469.26
2022-09-12 09:01:06.896197,Roof Repair,Expense,496.84
2023-03-29 17:03:31.447926,Golf Course,Expense,170.51
2023-09-27 15:14:55.230955,Uber Ride,Expense,129.79
2023-09-17 05:58:39.695090,Subscription Renewal,Expense,454.41
2023-11-18 18:51:50.442399,Yoga Class,Income,319.7
2022-10-27 19:43:21.571803,Charity Event,Income,176.44
2022-07-16 07:27:16.464344,Etsy Purchase,Expense,141.83
2023-06-22 08:30:57.203938,Photography Service,Income,463.11
2023-05-26 16:12:30.346172,Pet Supplies,Expense,455.83
2022-05-28 23:12:46.144877,Firewood,Expense,449.47
2022-05-21 10:26:27.821497,Income Tax Payment,Expense,412.68
2023-05-04 18:05:07.497566,Background Check,Expense,70.94
2022-11-25 21:20:29.219384,Natural Gas Bill,Expense,441.37
2022-05-21 15:02:18.464013,Subscription Box,Expense,115.29
2023-02-04 15:31:14.075781,Wire Transfer Fee,Expense,147.02
2023-08-11 14:54:35.728368,Hunting License,Expense,354.24
2023-05-15 04:19:17.800462,Credit Report Fee,Expense,339.15
2023-03-08 17:08:23.018191,Bicycle Repair,Expense,217.06
2022-03-12 00:21:21.816131,Sales Tax,Income,88.34
2023-06-05 19:21:25.613966,Landscaping,Income,11.94
2023-04-30 10:00:37.500230,Storage Unit Rental,Income,38.39
2023-09-17 06:34:14.488197,Video Game,Income,227.99
2023-06-16 12:24:38.368592,Debt Collection,Expense,69.81
2023-09-28 08:40:13.025975,Netflix Subscription,Expense,455.79
2023-08-21 07:12:07.938770,Funeral Expenses,Income,439.62
2022-11-19 16:27:40.326468,Video Game,Expense,322.86
2023-05-22 02:29:49.802314,New Car Purchase,Expense,385.36
2023-01-17 03:35:47.552784,Holiday Shopping,Expense,97.73
2022-01-30 01:41:32.418424,Charity Event,Expense,65.95
2022-12-22 11:50:49.109377,Golf Course,Expense,20.84
2022-09-23 11:22:29.141936,Landscaping,Income,126.12
2022-07-12 19:49:36.454084,Life Insurance,Income,110.65
2022-10-25 03:56:35.133225,Theater Tickets,Income,156.43
2023-07-02 12:13:39.291278,Fitness Equipment,Income,173.14
2022-09-20 13:51:38.081906,Day Spa,Income,89.43
2023-02-04 13:30:51.139762,Vacation Package,Income,307.17
2022-11-19 14:57:44.404092,Window Cleaning,Expense,399.8
2022-04-13 09:37:14.021670,Job Training Fee,Expense,471.83
2023-12-25 08:54:40.113898,Resume Service,Income,442.2
2022-06-13 21:32:03.122733,Dog Walker,Income,383.16
2022-07-13 11:31:56.682148,Day Spa,Expense,60.05
2022-12-04 03:40:01.373387,Hotel Stay,Income,58.11
2022-09-09 16:30:17.019656,Credit Card Payment,Expense,126.46
2023-08-02 23:13:59.539103,Festival Tickets,Income,325.15
2023-03-04 07:57:08.595005,Hotel Stay,Income,151.94
2022-07-08 02:53:28.277627,Boat Rental,Expense,327.7
2023-02-12 23:12:44.492709,Life Insurance,Income,167.15
2022-12-29 16:31:10.567979,Car Wash,Income,485.82
2023-06-19 02:14:56.388553,Tuition Payment,Expense,125.73
2022-09-06 00:48:05.375544,Cabin Rental,Income,317.22
2023-07-25 12:35:29.177817,Sporting Goods,Income,489.08
2022-01-04 03:44:20.170960,Tuition Payment,Income,145.61
2022-04-29 04:31:23.484315,Donation to Charity,Expense,200.65
2022-04-25 19:33:00.988908,Book Purchase,Expense,422.23
2022-12-27 06:38:11.439254,Camera Equipment,Income,239.31
2023-09-29 16:20:14.466034,Sporting Goods,Expense,97.81
2022-04-27 01:40:01.720549,Debt Collection,Expense,249.24
2023-08-05 14:51:50.802900,Airport Parking,Income,340.53
2023-08-28 03:47:12.291248,Tutoring Services,Expense,251.83
2022-02-27 06:14:02.211365,Event Registration,Expense,139.9
2022-02-04 11:27:54.312675,Prescription Meds,Expense,107.02
2022-07-09 20:42:47.221710,Mortgage Payment,Income,263.02
2023-11-03 18:00:49.319238,Job Board Fee,Expense,286.29
2022-06-06 06:08:06.520552,Overdraft Fee,Income,48.16
2023-09-15 04:01:39.127252,Software License,Expense,334.88
2023-02-23 05:40:33.545595,Optometry Visit,Expense,23.01
2023-11-29 14:00:57.906525,Luxury Hotel Stay,Expense,377.2
2023-09-23 16:16:29.878901,Holiday Shopping,Income,183.91
2022-03-15 13:34:26.102580,Investment Income,Income,121.32
2022-03-06 04:00:34.638196,Freight Shipping,Income,446.55
2023-10-02 21:24:39.085228,Streaming Service,Expense,455.76
2022-12-04 03:22:35.179149,Vehicle Insurance,Income,441.16
2022-11-04 23:18:31.867897,Home Cleaning,Expense,332.38
2023-05-12 04:18:19.418609,Notary Service,Income,153.34
2022-12-27 04:46:55.535649,Etsy Purchase,Expense,203.82
2023-12-28 16:45:12.587528,Student Loan Payment,Income,326.34
2022-01-29 11:49:38.960349,Meal Delivery,Income,224.57
2023-03-07 12:01:01.555666,Sporting Event,Income,461.33
2023-03-19 19:54:45.221859,Lottery Ticket,Expense,408.72
2023-08-28 22:48:23.255280,Monthly Rent,Income,338.87
2023-07-28 02:57:15.887322,Vehicle Insurance,Income,381.07
2022-01-24 22:34:40.521834,Airport Parking,Income,476.09
2022-07-22 03:25:18.398208,Pet Supplies,Expense,228.36
2023-07-06 17:27:57.322965,Donation to Charity,Expense,268.2
2023-03-31 08:03:41.680181,Course Fees,Expense,316.6
2023-02-06 00:13:23.399562,Streaming Service,Expense,288.28
2022-10-07 23:07:07.560564,Investment Income,Income,209.29
2022-11-26 03:25:47.005706,Yoga Class,Expense,428.63
2023-05-11 09:33:46.790225,Vacation Package,Expense,103.61
2023-12-02 03:24:37.215005,Home Insurance,Income,85.49
2022-08-30 20:59:59.317619,Gym Membership,Expense,257.77
2022-07-10 00:45:36.147585,Foreign Transaction Fee,Income,302.69
2022-04-24 12:12:04.136673,Book Purchase,Expense,480.6
2023-09-01 01:35:22.053352,Video Game,Expense,425.53
2022-09-12 10:27:03.604912,Flight Ticket,Expense,229.66
2023-06-18 22:48:58.791558,Laundry Service,Income,132.8
2023-02-28 06:06:05.587339,Car Fuel,Expense,173.93
2023-01-07 06:20:03.534036,Flight Ticket,Expense,57.99
2022-10-10 22:04:37.385941,Netflix Subscription,Income,188.89
2023-02-12 14:15:22.378018,Legal Fees,Income,119.59
2022-12-03 17:28:18.680431,Bowling Alley,Expense,211.17
2022-02-28 11:34:59.912990,Golf Club Membership,Income,262.93
2023-06-09 13:37:51.490541,Property Tax,Income,254.38
2023-11-23 23:59:37.109566,Holiday Shopping,Income,359.34
2022-08-06 19:01:01.839976,Job Board Fee,Expense,39.16
2023-03-17 20:04:22.011839,Notary Service,Income,103.62
2023-11-04 07:49:19.693725,Cabin Rental,Expense,445.04
2022-09-05 03:06:25.006890,Hotel Stay,Expense,380.56
2022-08-03 22:22:13.058813,Electricity Bill,Income,485.93
2022-10-10 05:56:11.891064,Subscription Renewal,Income,139.49
2023-06-21 16:06:27.664681,Bicycle Repair,Income,265.33
2023-09-09 13:31:35.502851,Gym Membership,Expense,84.22
2022-04-11 12:05:17.687812,Snow Removal,Income,447.69
2023-12-25 09:19:04.928196,Yacht Charter,Expense,432.51
2022-07-02 21:33:11.513792,Day Spa,Income,421.77
2023-05-14 04:35:49.885149,Retirement Contribution,Expense,145.99
2023-07-15 08:40:46.458027,Side Gig Income,Expense,427.82
2022-06-29 11:54:11.169442,Anniversary Gift,Income,439.15
2023-12-05 21:57:35.047129,Bail Bond Payment,Expense,190.95
2023-11-30 05:14:36.044398,Freight Shipping,Income,442.77
2023-09-30 17:55:33.476186,Pest Control,Income,22.72
2022-09-25 03:39:46.800813,Hair Salon,Expense,281.08
2022-06-16 03:39:13.809910,Side Gig Income,Expense,296.99
2023-05-13 01:49:21.157843,Walmart Groceries,Expense,42.46
2022-01-22 07:55:02.985163,Department Store,Expense,373.79
2022-03-10 17:57:51.109058,Mortgage Payment,Expense,39.81
2023-02-21 11:01:32.999069,Plumbing Service,Expense,48.6
2022-02-18 15:45:02.280011,Credit Report Fee,Income,73.47
2022-12-20 21:16:09.304150,Firewood,Income,315.17
2023-04-17 20:10:48.666034,Vacation Package,Expense,144.98
2023-07-22 17:50:12.716718,Car Wash,Income,163.51
2022-06-17 12:04:43.475312,Foreign Transaction Fee,Income,390.25
2022-01-04 00:11:01.306871,Amazon Purchase,Income,319.17
2023-05-31 22:02:07.977078,Notary Service,Income,29.97
2023-08-08 23:25:38.117331,Netflix Subscription,Expense,52.48
2022-04-06 08:23:01.401681,Pest Control,Income,49.87
2022-07-26 22:53:55.922942,Health Insurance,Expense,133.9
2023-09-09 00:17:09.766117,Etsy Purchase,Income,270.36
2023-04-14 08:22:48.404727,Dog Walker,Expense,210.72
2022-10-11 06:55:29.806038,Online Shopping,Expense,280.01
2023-08-13 06:50:15.687463,Home Cleaning,Income,148.49
2022-06-08 10:19:24.547125,Court Fees,Expense,473.6
2023-03-27 17:26:14.621315,ATM Fee,Income,228.79
2023-01-28 02:33:30.721894,Amazon Purchase,Expense,173.45
2022-12-23 21:20:04.842680,Office Supplies,Expense,220.55
2023-06-08 10:38:39.720184,Subscription Renewal,Expense,114.17
2023-05-16 07:28:52.212942,Electrician Service,Expense,303.14
2022-05-25 18:00:19.331038,Pet Grooming,Income,48.0
2023-03-09 08:27:30.886012,Lottery Ticket,Income,434.66
2022-11-13 10:31:42.929756,Boat Rental,Expense,45.45
2022-09-04 06:10:19.590708,Coffee Shop,Expense,462.2
2022-11-03 23:09:45.609128,Investment Brokerage Fee,Expense,32.31
2022-06-10 15:30:08.986761,Phone Bill,Income,482.06
2022-06-20 11:13:40.289724,Digital Download,Expense,200.26
2022-09-05 19:52:47.593522,Sales Tax,Income,99.77
2022-09-19 09:53:37.985317,Meal Delivery,Expense,101.37
2023-12-07 21:54:17.478675,Lottery Ticket,Expense,475.06
2022-03-21 09:05:53.698801,Art Gallery Purchase,Expense,252.32
2022-04-12 17:33:10.355102,Investment Account,Income,361.35
2022-09-22 02:27:30.780399,Septic Tank Service,Expense,404.52
2023-11-15 14:36:31.577548,Bowling Alley,Expense,386.45
2022-02-13 20:49:20.428028,Yacht Charter,Income,405.63
2022-12-27 18:57:32.230713,Luxury Car Lease,Income,39.25
2022-04-07 09:38:25.753071,Wine Subscription,Income,198.86
2022-10-12 08:40:23.642334,Sewer Bill,Expense,288.96
2023-07-24 13:20:00.933187,Netflix Subscription,Income,91.33
2023-02-16 19:21:29.067240,Online Shopping,Income,347.09
2022-01-08 20:39:58.928779,Furniture Purchase,Expense,276.23
2022-11-16 02:24:46.891524,Photography Service,Income,428.6
2022-03-08 08:34:29.600786,Boat Rental,Expense,485.54
2022-02-09 20:32:50.340769,Yoga Class,Expense,138.27
2022-03-22 08:43:42.317776,Restaurant Takeout,Income,190.99
2023-09-15 17:17:25.564024,Retirement Contribution,Income,261.64
2022-10-07 23:55:27.362244,Luxury Car Lease,Expense,410.48
2022-10-04 12:24:56.701992,Sporting Event,Income,35.77
2022-04-14 03:17:43.817799,Spotify Subscription,Expense,235.25
2022-09-08 02:28:59.096858,Charity Event,Expense,107.34
2022-10-02 04:47:20.246003,Pet Grooming,Expense,269.8
2022-08-24 05:36:06.701792,Course Fees,Expense,309.97
2022-06-04 21:45:28.350813,Business Expense,Expense,191.32
2022-03-04 18:19:22.329088,Firewood,Income,14.9
2023-07-07 06:05:46.708977,Online Coaching,Income,221.78
2023-09-18 15:26:25.740335,Resume Service,Expense,424.05
2022-11-13 15:56:04.753691,Weekend Getaway,Income,369.28
2023-07-08 08:19:46.580547,Funeral Expenses,Expense,382.31
2022-09-24 14:27:46.923489,Spa Package,Expense,64.12
2022-05-19 15:10:13.951702,Life Insurance,Income,327.98
2023-09-07 11:33:00.966796,Toll Road Fee,Expense,425.09
2022-05-18 16:04:25.298696,Pest Control,Expense,35.07
2022-11-09 09:38:09.642834,Car Wash,Income,374.1
2022-11-10 05:25:11.050445,Tuition Payment,Income,231.64
2022-11-06 02:34:46.074563,Cabin Rental,Expense,190.56
2023-11-02 23:32:57.439507,Investment Account,Expense,390.57
2023-01-14 20:14:04.493663,Software License,Income,337.35
2023-03-15 06:53:06.174937,Job Board Fee,Income,398.66
2023-02-12 12:41:51.853024,Internet Bill,Income,357.96
2023-09-17 14:12:06.575483,Subscription Box,Expense,319.99
2022-12-24 06:51:24.465754,Pet Grooming,Expense,71.73
2022-11-27 12:52:59.421179,Parking Fee,Income,435.62
2022-04-15 19:25:19.046067,Investment Account,Expense,115.91
2022-12-05 09:55:23.734985,Car Loan Payment,Expense,126.46
2023-11-29 15:27:25.587399,Sporting Event,Income,312.4
2022-10-07 13:32:16.131960,Gym Membership,Expense,323.34
2022-04-03 06:38:52.854986,Freight Shipping,Expense,245.56
2023-11-23 21:50:38.135441,Donation to Charity,Income,243.31
2023-07-09 17:46:23.582822,Digital Download,Income,251.8
2023-12-28 19:40:41.434604,Streaming Rental,Income,180.68
2022-01-10 12:57:16.479529,Fishing License,Income,12.17
2023-05-05 22:44:15.032315,Gifts & Cards,Income,377.31
2022-10-02 01:46:07.926522,Trash Collection,Expense,341.17
2022-01-06 06:23:27.651696,Online Shopping,Expense,451.93
2023-04-24 09:58:19.738965,Sewer Bill,Expense,388.22
2022-08-05 17:54:55.536393,Hotel Stay,Income,252.16
2022-01-23 17:07:47.872225,Day Spa,Income,293.34
2023-06-28 15:46:59.585740,Window Cleaning,Income,277.06
2023-04-08 18:35:20.429684,Life Insurance,Expense,65.28
2023-05-11 10:02:02.605348,Hotel Stay,Expense,105.96
2023-04-26 07:57:26.868788,Consulting Income,Income,63.6
2022-11-26 19:44:54.293548,Legal Fees,Income,273.92
2022-03-23 07:18:16.631861,Window Cleaning,Expense,358.06
2023-07-17 08:10:16.886191,Video Game,Income,356.51
2022-05-22 21:03:12.254117,Membership Fee,Income,184.8
2023-05-20 04:15:49.483205,Fitness Equipment,Income,254.57
2023-08-24 22:08:23.946932,Wire Transfer Fee,Expense,222.37
2022-02-08 06:22:55.956045,Airport Parking,Income,483.8
2022-11-05 13:25:29.387019,Freight Shipping,Income,129.8
2022-08-27 15:28:10.002049,Travel Insurance,Expense,215.68
2022-03-22 19:03:00.653034,Online Marketplace,Expense,100.52
2022-06-27 02:50:46.080010,Prescription Meds,Income,125.08
2022-03-03 22:08:26.250219,Weekend Getaway,Expense,406.27
2022-10-10 01:13:08.406099,Netflix Subscription,Income,295.03
2022-06-14 10:47:41.559703,Day Spa,Income,6.77
2022-06-07 18:12:06.493595,Prescription Meds,Income,133.13
2023-04-17 03:08:30.914119,Natural Gas Bill,Expense,124.07
2023-05-29 16:11:28.566740,Doctor Visit,Income,286.65
2022-03-24 08:22:18.203680,Pest Control,Income,69.56
2022-07-03 09:45:20.999987,Resume Service,Income,439.2
2023-05-05 19:23:05.549900,Tuition Payment,Expense,114.24
2023-08-08 11:43:01.603986,Credit Report Fee,Expense,187.77
2022-11-15 16:45:55.177785,Freight Shipping,Income,340.4
2022-05-12 19:26:15.372125,Weekend Getaway,Expense,499.75
2023-12-23 11:26:43.713011,Amazon Purchase,Income,272.74
2023-12-30 23:09:24.145395,Legal Fees,Income,24.63
2022-07-29 22:28:26.939793,Sporting Goods,Expense,458.44
2023-11-13 15:49:25.626051,Cell Phone Purchase,Income,391.92
2022-02-19 17:24:14.669375,Software Subscription,Expense,359.36
2022-07-12 00:17:19.183665,Pet Supplies,Income,471.0
2023-11-25 16:19:43.690660,Freelance Work,Expense,27.73
2023-06-27 05:31:28.803364,Home Improvement,Expense,150.15
2022-11-25 02:48:51.865769,Hunting License,Income,104.38
2022-12-30 13:43:06.699564,Phone Accessory,Expense,33.05
2022-03-07 18:05:11.101816,Babysitting Service,Expense,111.28
2023-05-15 13:06:17.755436,Home Renovation,Expense,437.43
2023-09-06 09:34:17.768001,Yoga Class,Income,208.03
2023-12-15 08:07:35.285594,Court Fees,Income,361.98
2022-01-17 03:12:07.109022,Flight Ticket,Income,172.35
2023-10-22 07:18:31.983932,Career Counseling,Income,345.62
2022-02-25 14:46:07.738551,Department Store,Expense,302.24
2022-01-07 15:33:52.568141,Wedding Gift,Expense,471.81
2023-01-26 04:06:14.516970,Library Fee,Income,37.94
2022-02-28 16:31:47.070405,Grocery Store,Expense,238.38
2022-06-25 04:54:13.847981,Medical Checkup,Income,135.62
2022-01-04 23:41:36.851186,Event Registration,Income,33.37
2022-07-06 05:23:40.983219,Restaurant Takeout,Income,149.38
2022-08-05 18:09:29.602124,Mortgage Payment,Expense,118.46
2022-07-31 02:40:36.127087,Property Tax,Income,234.15
2022-09-03 08:16:56.356353,Health Insurance,Income,499.78
2022-12-27 05:37:53.152654,Gas Station,Expense,182.72
2022-06-12 03:13:33.777369,Firewood,Income,490.97
2022-11-26 22:35:36.424139,Amazon Purchase,Expense,227.73
2023-05-08 06:34:30.836619,Donation to Charity,Expense,10.82
2023-05-04 19:02:58.909497,Notary Service,Income,332.42
2022-03-28 07:02:57.307097,Window Cleaning,Income,479.47
2023-07-26 10:22:08.116914,Natural Gas Bill,Income,498.79
2022-05-14 12:14:26.001269,Electricity Bill,Expense,98.27
2023-04-02 07:40:07.725054,Amazon Purchase,Income,157.92
2022-06-26 07:59:46.756647,Luxury Hotel Stay,Income,107.31
2023-06-22 13:12:06.585828,Restaurant Dining,Expense,196.01
2022-05-11 18:17:52.370501,Membership Fee,Expense,472.23
2022-12-17 12:51:08.902731,Subscription Box,Expense,347.32
2022-12-24 13:10:54.995642,Netflix Subscription,Income,428.44
2023-11-24 11:47:01.678891,Online Marketplace,Expense,241.76
2023-03-03 12:46:26.899796,Yacht Charter,Income,343.99
2023-06-10 14:49:32.743028,Fishing License,Income,181.37
2022-03-18 09:42:50.911817,Donation to Charity,Expense,163.47
2022-05-23 06:20:23.867719,Amazon Purchase,Income,131.45
2023-02-07 04:02:52.754737,Online Marketplace,Expense,470.98
2023-06-20 05:01:25.282340,Private Jet Rental,Income,441.0
2022-05-01 01:37:27.957176,Walmart Groceries,Expense,19.08
2022-08-25 09:18:21.552955,Art Gallery Purchase,Expense,32.0
2023-07-12 02:18:10.442286,Savings Deposit,Income,135.11
2022-03-02 22:28:57.985291,Yacht Charter,Income,248.66
2022-06-29 14:04:54.045375,Childcare Services,Expense,395.89
2023-11-10 03:35:07.744849,Day Spa,Expense,282.66
2023-10-06 20:42:12.332306,Job Board Fee,Expense,416.93
2023-09-13 04:41:39.683801,Snow Removal,Expense,242.6
2022-12-30 02:56:46.106844,Spotify Subscription,Expense,112.91
2023-09-01 17:13:13.691893,Court Fees,Expense,64.01
2023-11-24 07:20:27.883217,Garden Center,Expense,103.51
2023-09-21 00:26:20.341400,Bowling Alley,Income,326.46
2022-10-10 07:03:56.479679,Landscaping,Expense,96.71
2023-04-11 01:09:34.475754,Car Wash,Expense,54.88
2023-11-09 16:05:21.359081,Car Fuel,Expense,39.62
2022-12-27 01:40:39.548453,Subscription Renewal,Income,278.03
2022-01-01 17:36:33.291219,Sporting Event,Expense,131.51
2023-04-08 03:11:43.210440,Investment Account,Expense,485.26
2023-08-05 20:22:45.855601,Video Game,Expense,23.98
2023-04-24 23:54:36.272892,Trust Fund Contribution,Income,461.27
2022-10-19 04:25:02.834471,Streaming Service,Expense,143.22
2022-05-22 02:26:45.335238,Wire Transfer Fee,Expense,327.64
2022-12-20 08:16:16.356229,Concert Tickets,Income,268.91
2022-02-18 18:55:39.438205,Outdoor Equipment,Expense,437.18
2023-06-17 07:19:29.906045,Yoga Class,Expense,196.37
2022-07-09 20:03:48.829021,Netflix Subscription,Income,24.67
2022-01-12 04:51:09.639442,Moving Service,Expense,192.89
2022-05-31 12:34:07.284471,Hotel Stay,Income,214.56
2022-01-08 14:06:06.190397,Pharmacy,Expense,219.52
2022-03-11 12:29:22.128876,Donation to Charity,Expense,241.79
2023-02-25 15:31:55.218887,Optometry Visit,Income,412.97
2022-12-01 07:33:11.768068,Concert Tickets,Expense,24.31
2023-08-11 14:32:14.599089,Window Cleaning,Expense,117.14
2023-10-06 22:33:19.030567,Trash Collection,Expense,110.18
2022-11-17 11:12:44.188934,Pharmacy,Income,204.9
2023-07-07 08:01:13.769638,Electrician Service,Income,100.59
2022-07-30 00:03:18.518988,Phone Accessory,Expense,254.92
2022-12-26 23:51:00.847910,Life Insurance,Expense,119.3
2023-05-15 08:18:23.686680,Movie Theater,Income,375.36
2022-10-05 15:42:25.220196,Investment Brokerage Fee,Income,153.91
2023-07-12 03:32:01.124977,Credit Report Fee,Income,144.38
2023-11-03 02:55:33.585724,Private Jet Rental,Expense,425.02
2023-07-18 08:40:59.002172,Trash Collection,Expense,355.71
2023-09-14 06:14:43.224819,Luxury Purchase,Expense,274.3
2023-04-04 20:41:21.382873,Theater Tickets,Income,315.08
2022-06-03 12:09:31.733243,Bowling Alley,Expense,194.63
2022-08-12 11:30:09.096527,Bank Service Charge,Expense,240.77
2023-01-09 14:20:13.172076,Prescription Meds,Expense,402.39
2022-11-08 22:55:58.524494,Day Spa,Income,24.41
2023-01-26 11:45:56.778559,Subscription Box,Income,191.89
2023-02-17 02:58:23.677654,Debt Collection,Expense,159.24
2022-06-07 18:53:41.029778,Snowmobile Rental,Income,347.98
2022-02-12 12:01:02.019819,Membership Fee,Expense,364.98
2022-07-27 04:08:45.007651,Notary Service,Income,465.32
2022-05-19 01:05:52.868176,Sewer Bill,Income,148.01
2023-11-20 20:41:39.977155,Firewood,Expense,158.86
2023-06-12 07:22:39.898057,Property Tax,Income,229.15
2022-04-01 12:35:58.085179,Credit Card Payment,Income,471.04
2022-01-11 07:56:22.320064,Grocery Store,Income,115.71
2023-01-06 13:58:43.069316,Furniture Purchase,Income,293.95
2022-09-12 04:55:16.518191,Home Renovation,Income,426.26
2023-06-19 06:20:53.774891,Plumbing Service,Expense,227.98
2022-07-19 04:49:17.850343,Grocery Delivery,Expense,440.84
2023-07-09 08:53:13.571167,Furniture Purchase,Expense,81.47
2022-01-24 15:25:54.757201,Camera Equipment,Income,69.33
2022-03-19 10:56:41.844809,Uber Ride,Expense,131.36
2023-05-21 08:35:12.746346,Online Coaching,Expense,413.22
2023-03-22 06:42:55.027339,Personal Trainer,Income,491.9
2022-06-21 04:06:36.699705,New Car Purchase,Expense,425.12
2023-10-07 11:11:16.355926,Outdoor Equipment,Expense,313.73
2022-01-19 03:51:44.371592,Personal Loan Payment,Expense,373.92
2022-11-09 02:13:08.305526,Travel Insurance,Expense,7.81
2022-10-15 17:06:39.073089,Health Insurance,Income,8.89
2023-06-26 01:25:33.448091,Tuition Payment,Income,101.35
2022-04-03 21:55:02.886315,Window Cleaning,Income,103.82
2022-12-06 08:59:16.927567,Optometry Visit,Income,98.49
2023-04-10 15:52:35.239718,Personal Loan Payment,Expense,360.12
2023-07-10 15:02:08.420319,Personal Trainer,Income,41.58
2023-12-25 14:45:30.197647,Job Board Fee,Income,388.16
2022-06-12 14:30:19.339380,Investment Income,Income,340.04
2023-07-25 14:24:54.902236,Event Registration,Income,344.27
2023-04-25 11:25:05.768798,Overdraft Fee,Expense,106.02
2023-07-02 22:23:30.007189,Personal Loan Payment,Expense,476.9
2023-08-30 02:07:45.322349,Course Fees,Expense,371.37
2023-11-04 00:00:00.815293,Online Course,Expense,472.36
2023-05-03 17:26:49.213760,Legal Fees,Expense,173.16
2022-10-02 21:26:36.679027,Gym Membership,Income,66.03
2023-01-24 16:58:08.632543,Home Improvement,Expense,422.12
2022-01-21 07:39:42.024054,Property Tax,Expense,388.42
2023-02-15 19:41:09.323862,Cell Phone Purchase,Income,391.92
2022-06-23 20:30:21.446804,Movie Theater,Expense,158.28
2023-04-09 19:46:47.549023,Foreign Transaction Fee,Expense,449.69
2022-12-14 02:13:44.632349,Weekend Getaway,Income,320.75
2023-10-20 14:55:42.111714,Income Tax Payment,Expense,361.6
2022-07-11 23:33:58.322197,Hardware Store,Expense,343.21
2022-01-04 17:03:32.281633,HVAC Maintenance,Expense,478.53
2023-02-22 02:28:39.640294,Movie Theater,Expense,51.06
2023-10-02 22:04:49.421412,Membership Fee,Expense,45.61
2022-11-09 02:08:16.950551,Snowmobile Rental,Income,379.74
2022-08-11 10:20:43.453492,Business Supplies,Income,431.46
2023-02-26 01:43:44.173651,Netflix Subscription,Expense,127.8
2023-03-19 03:42:20.951307,Parking Fee,Income,267.06
2023-07-18 07:12:41.310493,Toll Road Fee,Expense,355.03
2022-06-16 00:06:40.269746,Golf Club Membership,Expense,183.31
2022-05-30 20:53:00.348382,Vacation Package,Income,109.27
2023-04-01 07:31:00.432464,Event Registration,Income,413.84
2022-10-31 22:14:33.842524,Online Course,Expense,213.49
2023-04-07 18:44:25.580620,Office Supplies,Expense,199.13
2022-03-08 22:07:18.582363,Restaurant Dining,Expense,337.68
2022-03-13 09:40:41.446389,Credit Report Fee,Income,223.14
2022-08-09 03:40:03.966788,Uber Ride,Expense,144.32
2022-12-23 09:42:06.855668,Resume Service,Expense,184.03
2023-10-27 08:53:51.172243,Resume Service,Income,55.45
2022-12-15 10:43:11.213316,Travel Insurance,Income,349.67
2023-12-09 16:09:33.501519,Tutoring Services,Expense,84.61
2023-03-28 17:58:57.277247,Office Supplies,Expense,454.29
2022-01-31 11:11:39.222319,Retirement Contribution,Expense,397.83
2022-04-03 03:41:57.224215,Trash Collection,Expense,264.71
2022-07-11 09:42:51.689787,Debt Collection,Income,19.81
2022-09-03 17:28:07.275121,Software Subscription,Income,177.92
2023-10-05 10:28:54.102062,Luxury Hotel Stay,Expense,372.62
2023-11-21 14:10:36.111222,Streaming Service,Income,215.12
2022-11-27 13:48:25.788554,Hotel Stay,Income,213.81
2023-06-24 11:08:15.162132,Digital Download,Expense,458.15
2023-03-18 10:01:14.766599,Event Registration,Expense,364.4
2022-10-19 04:29:30.622363,Charity Event,Expense,453.02
2023-07-18 01:25:54.273257,Income Tax Payment,Expense,53.71
2022-08-21 10:45:22.223073,Library Fee,Expense,385.83
2022-09-08 00:15:56.816243,Career Counseling,Expense,15.38
2023-05-16 17:12:48.204166,Netflix Subscription,Income,309.45
2023-05-11 00:53:21.389888,Investment Advisor Fee,Income,376.06
2023-06-27 15:51:36.121581,Credit Card Payment,Expense,379.18
2022-07-11 14:55:05.969859,Sporting Event,Income,214.32
2022-02-21 08:27:17.444496,Bicycle Repair,Expense,374.96
2022-05-20 14:41:17.844162,Debt Collection,Income,22.62
2022-04-23 18:07:36.245810,Car Registration,Expense,228.63
2022-02-11 11:14:11.207088,Online Coaching,Income,170.52
2023-01-01 18:52:44.526516,Coffee Shop,Expense,271.36
2023-06-02 21:44:39.320160,Sewer Bill,Income,332.36
2022-12-02 12:20:21.440720,HVAC Maintenance,Income,358.75
2022-10-09 22:52:40.210726,Side Gig Income,Income,195.68
2023-01-22 17:35:46.600065,Outdoor Equipment,Income,482.0
2023-12-26 00:13:17.796253,Plumbing Service,Income,287.51
2022-05-27 07:26:41.991577,Uber Ride,Income,441.39
2022-07-28 22:47:31.876514,Course Fees,Expense,240.41
2022-02-15 11:45:17.728337,Sporting Goods,Expense,404.85
2023-05-13 16:41:44.274288,Freelance Work,Expense,175.06
2022-09-15 06:35:34.155562,Department Store,Expense,238.62
2022-08-02 13:36:48.042112,Wine Subscription,Expense,424.13
2022-08-08 08:20:20.761595,Job Board Fee,Income,382.33
2023-02-23 09:48:04.181340,Garden Center,Income,422.8
2023-05-21 17:25:39.040182,Luxury Hotel Stay,Income,309.79
2023-06-03 18:19:09.260092,Digital Download,Income,317.02
2022-11-01 05:22:06.190797,Childcare Services,Income,485.97
2023-05-16 06:54:35.761856,Charity Event,Expense,467.38
2023-03-07 23:07:46.192884,Life Insurance,Expense,310.37
2022-12-27 21:29:34.275805,Home Appliance,Expense,160.2
2022-04-24 00:05:12.196012,Notary Service,Expense,139.19
2023-06-27 19:24:10.746752,Sporting Goods,Expense,117.89
2022-03-12 21:42:48.214351,Home Insurance,Expense,52.13
2023-10-17 16:32:59.083434,Property Tax,Income,244.19
2022-07-16 22:06:39.911259,Golf Club Membership,Expense,480.23
2022-03-10 01:29:26.972784,Babysitting Service,Expense,204.59
2023-03-21 05:57:40.616174,Private Jet Rental,Income,228.96
2022-03-13 15:20:09.650361,Debt Collection,Expense,375.53
2022-03-21 13:55:27.197338,Business Expense,Income,6.64
2022-07-22 17:51:50.246106,Cabin Rental,Income,498.09
2023-11-03 00:20:59.633953,Home Appliance,Income,286.44
2022-01-16 11:03:12.621255,Software Subscription,Income,215.77
2022-04-05 04:45:05.365931,Sporting Event,Income,244.86
2022-06-22 03:19:39.072181,Uber Ride,Expense,13.21
2023-03-21 16:35:23.757361,Course Fees,Expense,107.42
2023-03-29 10:56:11.537664,Subscription Box,Income,298.4
2023-08-28 23:41:24.528505,Amazon Purchase,Income,444.72
2023-03-10 08:34:30.899498,Home Improvement,Expense,59.19
2022-11-13 00:01:13.303873,Electrician Service,Expense,390.88
2022-07-17 14:21:36.739811,Property Tax,Income,494.99
2022-06-10 06:33:28.656459,Cell Phone Purchase,Expense,17.77
2023-10-22 17:41:05.147045,Massage Therapy,Income,96.12
2023-02-21 00:24:39.297064,Concert Tickets,Income,431.77
2022-10-20 00:46:05.104197,Spotify Subscription,Expense,113.55
2022-03-17 00:14:38.187298,Spotify Subscription,Expense,35.71
2022-04-27 22:40:20.618498,Hiking Gear,Income,252.44
2023-11-01 14:06:15.797454,Book Purchase,Income,418.63
2022-01-31 21:03:36.909884,Court Fees,Income,285.37
2022-01-16 15:51:15.457881,Fitness Equipment,Expense,446.45
2022-04-27 06:23:16.734734,Garden Center,Income,353.52
2023-11-13 19:40:32.052093,Home Renovation,Income,260.8
2023-07-19 01:15:12.995955,Museum Tickets,Expense,369.0
2023-10-23 19:22:20.296066,Software Subscription,Expense,9.9
2022-04-18 01:29:39.328869,Flight Ticket,Expense,376.1
2022-12-08 05:09:45.984528,Consulting Income,Income,154.32
2023-02-23 09:23:45.675309,Real Estate Agent Fee,Income,250.58
2022-10-08 22:39:42.993860,Optometry Visit,Income,272.33
2023-04-08 19:27:08.022941,Savings Deposit,Expense,385.7
2023-01-12 20:32:57.570197,Consulting Income,Income,53.08
2022-01-07 11:02:15.858116,Meal Delivery,Income,340.44
2023-03-28 06:12:19.501101,Restaurant Takeout,Expense,11.19
2022-10-13 06:42:57.878538,Travel Insurance,Expense,364.07
2023-07-17 06:19:50.403909,Prescription Meds,Expense,485.77
2023-12-28 20:53:24.382948,Textbooks,Expense,470.67
2023-05-15 15:50:56.695550,Home Renovation,Expense,125.31
2022-11-04 00:50:10.697242,Storage Unit Rental,Expense,463.33
2023-04-07 20:09:21.772425,Car Fuel,Expense,369.2
2022-04-06 16:02:16.134016,Prescription Meds,Income,277.29
2022-12-12 11:13:44.115164,Cabin Rental,Expense,265.31
2023-04-11 17:20:04.226468,Investment Account,Income,421.62
2022-11-26 10:45:31.268836,Student Loan Payment,Expense,401.77
2022-02-07 05:44:40.790307,Septic Tank Service,Income,248.23
2022-12-21 13:26:50.105365,Amazon Purchase,Income,422.16
2023-04-27 22:15:58.518456,Flight Ticket,Expense,390.73
2022-03-17 12:42:30.621359,Video Game,Income,380.64
2022-05-28 06:01:33.386689,Streaming Service,Expense,55.63
2023-03-27 14:18:56.144811,Credit Card Payment,Expense,327.18
2022-12-03 15:09:36.905374,Consulting Income,Income,441.4
2022-07-25 00:28:50.792774,Digital Download,Income,132.31
2023-12-09 21:19:12.439119,Fishing License,Income,424.23
2022-01-11 07:12:34.350101,Moving Service,Expense,463.83
2022-02-28 07:50:21.886517,Snow Removal,Expense,8.41
2023-11-03 13:50:48.943748,Parking Fee,Income,420.44
2023-10-12 19:19:28.777425,Private Jet Rental,Expense,250.91
2022-04-22 13:44:18.680214,Car Wash,Expense,302.04
2023-11-12 13:37:30.923620,Health Insurance,Income,466.99
2022-03-28 20:22:13.310652,Prescription Meds,Expense,78.21
2023-10-25 02:03:26.542484,Day Spa,Expense,384.14
2022-10-27 16:33:00.866816,Restaurant Dining,Income,168.3
2023-05-16 13:46:28.106096,Golf Club Membership,Income,38.57
2022-05-20 21:33:12.755365,Streaming Service,Expense,52.56
2023-06-28 19:09:33.260749,Golf Course,Income,484.28
2023-12-01 07:50:40.457098,Car Registration,Income,144.87
2023-04-15 09:18:47.066294,Investment Advisor Fee,Expense,37.81
2023-06-24 05:05:49.448703,Charity Event,Expense,378.7
2023-08-05 05:43:08.544897,Home Renovation,Income,480.8
2022-05-06 12:56:11.273133,Amazon Purchase,Expense,71.03
2023-08-28 17:58:43.393829,Home Insurance,Income,252.26
2022-03-10 22:33:40.730271,Snow Removal,Expense,414.75
2023-01-03 23:53:20.585875,Insurance Payment,Income,299.7
2023-08-10 23:00:13.495126,Luxury Car Lease,Expense,451.03
2022-03-12 08:25:37.076149,Home Insurance,Expense,52.79
2022-02-24 13:56:02.354491,Weekend Getaway,Expense,213.85
2022-01-29 03:27:15.217352,Hunting License,Expense,377.13
2023-04-04 21:13:09.083515,Theater Tickets,Expense,471.57
2023-01-22 18:42:16.962949,Fitness Equipment,Income,279.3
2022-03-24 15:35:31.146793,Client Meeting Expense,Expense,398.17
2023-05-22 16:22:09.776047,Golf Course,Expense,198.04
2023-10-03 04:34:43.110670,Grocery Delivery,Income,51.86
2023-06-02 21:05:46.243087,Income Tax Payment,Expense,152.32
2022-03-27 18:43:45.283527,Clothing Store,Income,467.63
2023-08-02 16:38:23.924424,Streaming Rental,Expense,493.32
2022-11-04 15:34:28.731299,Etsy Purchase,Income,122.39
2022-12-04 22:46:38.506589,Resume Service,Income,210.71
2022-03-09 22:49:06.678355,Dental Care,Expense,316.84
2022-10-07 08:12:30.423634,Pest Control,Income,476.85
2022-02-02 06:09:41.752460,Babysitting Service,Income,180.79
2022-03-20 14:01:41.505106,Phone Accessory,Income,61.96
2022-02-24 18:43:35.276366,Personal Trainer,Expense,256.29
2022-11-07 22:05:19.710105,Hair Salon,Income,76.69
2022-07-05 13:02:50.715632,Legal Fees,Expense,94.78
2022-04-28 12:28:53.441756,Software License,Expense,58.52
2023-04-03 21:27:36.900710,Boat Rental,Expense,434.5
2022-11-12 17:46:10.102696,Restaurant Takeout,Expense,46.17
2022-05-07 11:11:20.522237,Snow Removal,Expense,245.51
2023-12-20 06:07:53.144725,Vehicle Insurance,Expense,254.68
2023-12-26 22:06:05.855902,Resume Service,Income,288.5
2023-03-13 12:28:27.914011,Trust Fund Contribution,Income,66.78
2023-11-22 16:01:56.195846,Car Fuel,Expense,76.05
2023-08-04 20:17:44.039418,Bowling Alley,Income,461.26
2023-04-01 14:31:24.534867,Theater Tickets,Income,478.9
2023-03-24 19:37:03.017724,Window Cleaning,Expense,82.05
2022-02-17 04:54:41.122418,Online Coaching,Income,456.56
2022-08-28 23:49:56.595811,Trust Fund Contribution,Income,135.64
2022-09-30 04:12:49.433323,Vet Bill,Expense,246.81
2022-06-03 03:05:07.351869,Cell Phone Purchase,Income,127.41
2022-10-23 19:45:59.491875,Outdoor Equipment,Income,310.82
2022-05-11 15:44:03.363722,Resume Service,Expense,314.3
2023-04-04 06:36:19.459482,Meal Delivery,Expense,414.31
2022-11-23 07:50:43.871911,Investment Income,Income,159.97
2023-09-10 12:20:36.315555,Credit Card Payment,Income,188.03
2022-02-20 21:57:37.379448,Sales Tax,Expense,285.97
2023-06-06 09:07:28.368953,Tutoring Services,Expense,224.31
2023-05-29 20:28:10.349910,Sales Tax,Expense,154.92
2022-05-07 16:17:48.661473,Childcare Services,Expense,377.84
2023-09-02 21:23:17.572807,Festival Tickets,Income,401.56
2023-01-23 10:36:07.254613,Bail Bond Payment,Income,462.82
2022-10-01 13:58:29.068525,Fitness Equipment,Income,325.84
2022-12-01 13:00:47.001579,Freelance Work,Income,237.56
2023-12-19 12:40:29.497890,School Supplies,Income,203.71
2022-08-06 15:22:20.547354,Car Loan Payment,Expense,262.75
2022-10-02 23:58:39.995913,Grocery Store,Expense,248.76
2023-01-15 19:19:39.401675,Birthday Gift,Income,130.77
2022-05-11 05:27:52.003554,Medical Checkup,Expense,433.15
2022-08-01 14:57:18.190755,Resume Service,Income,461.11
2023-06-12 21:27:18.871600,Etsy Purchase,Expense,94.58
2022-10-05 23:32:58.497705,Grocery Store,Expense,434.16
2022-12-14 04:18:08.836214,Department Store,Expense,477.53
2022-03-05 16:55:27.445269,Grocery Delivery,Expense,222.42
